{"train_loss": 3.4875648021698, "epoch": 0, "trainer/global_step": 549, "_timestamp": 1667807020.630723, "_runtime": 434.4063129425049, "_step": 10}