{"train_loss": 0.1062425896525383, "epoch": 0, "trainer/global_step": 1249, "_timestamp": 1667807314.6417348, "_runtime": 728.4173247814178, "_step": 24}