{"train_loss": 0.06604716181755066, "epoch": 0, "trainer/global_step": 1449, "_timestamp": 1667807398.7558684, "_runtime": 812.5314583778381, "_step": 28}